[
  {
    "id": "1",
    "sku": "CR-32-4",
    "title": "Centrifugal Pump CR-32-4",
    "brand": "Grundfos",
    "price": {
      "currency": "EUR",
      "value": 1240
    },
    "image": "assets/pump.png",
    "attrs": {
      "flow": "32 m³/h",
      "head": "40 m",
      "power": "5.5 kW"
    }
  },
  {
    "id": "2",
    "sku": "ZB5AVBG5",
    "title": "Light Block ZB5AVBG5",
    "brand": "Schneider Electric",
    "price": {
      "currency": "USD",
      "value": 18.5
    },
    "image": "assets/light.png",
    "attrs": {
      "voltage": "24V",
      "color": "Green"
    }
  },
  {
    "id": "3",
    "sku": "T6C-017",
    "title": "Hydraulic Pump T6C-017",
    "brand": "Parker",
    "price": {
      "currency": "USD",
      "value": 620
    },
    "image": "assets/hydraulic.png",
    "attrs": {
      "displacement": "17 cc",
      "type": "Vane"
    }
  },
  {
    "id": "4",
    "sku": "DME375-10",
    "title": "Diaphragm Valve DME 375-10",
    "brand": "Festo",
    "price": {
      "currency": "EUR",
      "value": 210
    },
    "image": "assets/valve.png",
    "attrs": {
      "size": "DN10",
      "material": "PP"
    }
  }
]